title,category,anzsco_code,num_jobs_2024,median_pay_annual,outlook_pct,entry_education,url,outlook_pct_2025_actual,outlook_pct_ai
Chief Executives and Managing Directors,11-chief-executives-general-managers-and-legislator,1111,60200,,14,Bachelor degree or higher,https://www.abs.gov.au/statistics/classifications/anzsco-australian-and-new-zealand-standard-classification-occupations,4,8
General Managers,11-chief-executives-general-managers-and-legislator,1112,67900,,14,Bachelor degree or higher,https://www.abs.gov.au/statistics/classifications/anzsco-australian-and-new-zealand-standard-classification-occupations,-2,-2
Legislators,11-chief-executives-general-managers-and-legislator,1113,2800,,11,Bachelor degree or higher,https://www.abs.gov.au/statistics/classifications/anzsco-australian-and-new-zealand-standard-classification-occupations,-4,0
Aquaculture Farmers,12-farmers-and-farm-managers,1211,2100,,18,Bachelor degree or higher,https://www.abs.gov.au/statistics/classifications/anzsco-australian-and-new-zealand-standard-classification-occupations,0,-5
Crop Farmers,12-farmers-and-farm-managers,1212,33400,,5,Bachelor degree or higher,https://www.abs.gov.au/statistics/classifications/anzsco-australian-and-new-zealand-standard-classification-occupations,-4,-8
Livestock Farmers,12-farmers-and-farm-managers,1213,69700,,1,Bachelor degree or higher,https://www.abs.gov.au/statistics/classifications/anzsco-australian-and-new-zealand-standard-classification-occupations,-8,-6
Mixed Crop and Livestock Farmers,12-farmers-and-farm-managers,1214,28000,,1,Certificate III or IV,https://www.abs.gov.au/statistics/classifications/anzsco-australian-and-new-zealand-standard-classification-occupations,1,-4
"Advertising, Public Relations and Sales Managers",13-specialist-managers,1311,166500,139204,18,Bachelor degree or higher,https://www.abs.gov.au/statistics/classifications/anzsco-australian-and-new-zealand-standard-classification-occupations,1,3
Corporate Services Managers,13-specialist-managers,1321,23100,152464,22,Bachelor degree or higher,https://www.abs.gov.au/statistics/classifications/anzsco-australian-and-new-zealand-standard-classification-occupations,2,1
Finance Managers,13-specialist-managers,1322,77400,151008,22,Bachelor degree or higher,https://www.abs.gov.au/statistics/classifications/anzsco-australian-and-new-zealand-standard-classification-occupations,3,-3
Human Resource Managers,13-specialist-managers,1323,91700,143936,22,Bachelor degree or higher,https://www.abs.gov.au/statistics/classifications/anzsco-australian-and-new-zealand-standard-classification-occupations,-1,2
Policy and Planning Managers,13-specialist-managers,1324,39500,153140,20,Bachelor degree or higher,https://www.abs.gov.au/statistics/classifications/anzsco-australian-and-new-zealand-standard-classification-occupations,5,4
Research and Development Managers,13-specialist-managers,1325,19500,150124,23,Bachelor degree or higher,https://www.abs.gov.au/statistics/classifications/anzsco-australian-and-new-zealand-standard-classification-occupations,4,6
Construction Managers,13-specialist-managers,1331,134600,195052,22,Bachelor degree or higher,https://www.abs.gov.au/statistics/classifications/anzsco-australian-and-new-zealand-standard-classification-occupations,2,5
Engineering Managers,13-specialist-managers,1332,33100,182988,16,Bachelor degree or higher,https://www.abs.gov.au/statistics/classifications/anzsco-australian-and-new-zealand-standard-classification-occupations,3,3
"Importers, Exporters and Wholesalers",13-specialist-managers,1333,17700,95992,16,Bachelor degree or higher,https://www.abs.gov.au/statistics/classifications/anzsco-australian-and-new-zealand-standard-classification-occupations,-5,-4
Manufacturers,13-specialist-managers,1334,21900,,19,Bachelor degree or higher,https://www.abs.gov.au/statistics/classifications/anzsco-australian-and-new-zealand-standard-classification-occupations,-5,-7
Production Managers,13-specialist-managers,1335,64900,119496,17,Bachelor degree or higher,https://www.abs.gov.au/statistics/classifications/anzsco-australian-and-new-zealand-standard-classification-occupations,1,-3
"Supply, Distribution and Procurement Managers",13-specialist-managers,1336,58000,147368,16,Bachelor degree or higher,https://www.abs.gov.au/statistics/classifications/anzsco-australian-and-new-zealand-standard-classification-occupations,5,1
Child Care Centre Managers,13-specialist-managers,1341,17900,103116,16,Bachelor degree or higher,https://www.abs.gov.au/statistics/classifications/anzsco-australian-and-new-zealand-standard-classification-occupations,-1,7
Health and Welfare Services Managers,13-specialist-managers,1342,55200,141440,27,Bachelor degree or higher,https://www.abs.gov.au/statistics/classifications/anzsco-australian-and-new-zealand-standard-classification-occupations,13,6
School Principals,13-specialist-managers,1343,29600,,15,Bachelor degree or higher,https://www.abs.gov.au/statistics/classifications/anzsco-australian-and-new-zealand-standard-classification-occupations,3,2
Other Education Managers,13-specialist-managers,1344,16500,141648,20,Bachelor degree or higher,https://www.abs.gov.au/statistics/classifications/anzsco-australian-and-new-zealand-standard-classification-occupations,5,1
ICT Managers,13-specialist-managers,1351,98600,172120,25,Bachelor degree or higher,https://www.abs.gov.au/statistics/classifications/anzsco-australian-and-new-zealand-standard-classification-occupations,6,9
Commissioned Officers (Management),13-specialist-managers,1391,4400,184184,17,Bachelor degree or higher,https://www.abs.gov.au/statistics/classifications/anzsco-australian-and-new-zealand-standard-classification-occupations,0,-2
Senior Non-commissioned Defence Force Members,13-specialist-managers,1392,4000,,17,Certificate II or III,https://www.abs.gov.au/statistics/classifications/anzsco-australian-and-new-zealand-standard-classification-occupations,,-3
Other Specialist Managers,13-specialist-managers,1399,70000,147940,20,Bachelor degree or higher,https://www.abs.gov.au/statistics/classifications/anzsco-australian-and-new-zealand-standard-classification-occupations,1,0
Cafe and Restaurant Managers,14-hospitality-retail-and-service-managers,1411,62300,85488,7,Bachelor degree or higher,https://www.abs.gov.au/statistics/classifications/anzsco-australian-and-new-zealand-standard-classification-occupations,-2,-1
Caravan Park and Camping Ground Managers,14-hospitality-retail-and-service-managers,1412,3100,78988,8,Bachelor degree or higher,https://www.abs.gov.au/statistics/classifications/anzsco-australian-and-new-zealand-standard-classification-occupations,3,-5
Hotel and Motel Managers,14-hospitality-retail-and-service-managers,1413,18100,95004,7,Bachelor degree or higher,https://www.abs.gov.au/statistics/classifications/anzsco-australian-and-new-zealand-standard-classification-occupations,-3,-2
Licensed Club Managers,14-hospitality-retail-and-service-managers,1414,7500,91780,7,Bachelor degree or higher,https://www.abs.gov.au/statistics/classifications/anzsco-australian-and-new-zealand-standard-classification-occupations,4,-6
Other Accommodation and Hospitality Managers,14-hospitality-retail-and-service-managers,1419,10400,99996,9,Diploma or Advanced Diploma,https://www.abs.gov.au/statistics/classifications/anzsco-australian-and-new-zealand-standard-classification-occupations,7,-3
Retail Managers,14-hospitality-retail-and-service-managers,1421,248000,84240,7,Diploma or Advanced Diploma,https://www.abs.gov.au/statistics/classifications/anzsco-australian-and-new-zealand-standard-classification-occupations,0,-4
"Amusement, Fitness and Sports Centre Managers",14-hospitality-retail-and-service-managers,1491,21600,79976,12,Bachelor degree or higher,https://www.abs.gov.au/statistics/classifications/anzsco-australian-and-new-zealand-standard-classification-occupations,7,2
Call or Contact Centre and Customer Service Managers,14-hospitality-retail-and-service-managers,1492,38100,114712,13,Bachelor degree or higher,https://www.abs.gov.au/statistics/classifications/anzsco-australian-and-new-zealand-standard-classification-occupations,-4,-10
Conference and Event Organisers,14-hospitality-retail-and-service-managers,1493,35200,84968,12,Bachelor degree or higher,https://www.abs.gov.au/statistics/classifications/anzsco-australian-and-new-zealand-standard-classification-occupations,4,-1
Transport Services Managers,14-hospitality-retail-and-service-managers,1494,22000,137904,12,Bachelor degree or higher,https://www.abs.gov.au/statistics/classifications/anzsco-australian-and-new-zealand-standard-classification-occupations,6,1
"Other Hospitality, Retail and Service Managers",14-hospitality-retail-and-service-managers,1499,92500,109980,13,Bachelor degree or higher,https://www.abs.gov.au/statistics/classifications/anzsco-australian-and-new-zealand-standard-classification-occupations,1,0
"Actors, Dancers and Other Entertainers",21-arts-and-media-professionals,2111,8000,87984,12,Bachelor degree or higher,https://www.abs.gov.au/statistics/classifications/anzsco-australian-and-new-zealand-standard-classification-occupations,5,3
Music Professionals,21-arts-and-media-professionals,2112,11200,91832,11,Bachelor degree or higher,https://www.abs.gov.au/statistics/classifications/anzsco-australian-and-new-zealand-standard-classification-occupations,-1,2
Photographers,21-arts-and-media-professionals,2113,14900,95680,13,Certificate III or IV,https://www.abs.gov.au/statistics/classifications/anzsco-australian-and-new-zealand-standard-classification-occupations,1,-4
Visual Arts and Crafts Professionals,21-arts-and-media-professionals,2114,14500,108212,12,Diploma or Advanced Diploma,https://www.abs.gov.au/statistics/classifications/anzsco-australian-and-new-zealand-standard-classification-occupations,8,1
"Artistic Directors, and Media Producers and Presenters",21-arts-and-media-professionals,2121,13900,113308,19,Bachelor degree or higher,https://www.abs.gov.au/statistics/classifications/anzsco-australian-and-new-zealand-standard-classification-occupations,2,4
"Authors, and Book and Script Editors",21-arts-and-media-professionals,2122,6600,,18,Bachelor degree or higher,https://www.abs.gov.au/statistics/classifications/anzsco-australian-and-new-zealand-standard-classification-occupations,3,3
"Film, Television, Radio and Stage Directors",21-arts-and-media-professionals,2123,16500,102700,19,Bachelor degree or higher,https://www.abs.gov.au/statistics/classifications/anzsco-australian-and-new-zealand-standard-classification-occupations,3,2
Journalists and Other Writers,21-arts-and-media-professionals,2124,22600,89544,19,Bachelor degree or higher,https://www.abs.gov.au/statistics/classifications/anzsco-australian-and-new-zealand-standard-classification-occupations,-3,-3
Accountants,22-business-human-resource-and-marketing-profession,2211,225100,104156,17,Bachelor degree or higher,https://www.abs.gov.au/statistics/classifications/anzsco-australian-and-new-zealand-standard-classification-occupations,6,-6
"Auditors, Company Secretaries and Corporate Treasurers",22-business-human-resource-and-marketing-profession,2212,32200,109408,16,Bachelor degree or higher,https://www.abs.gov.au/statistics/classifications/anzsco-australian-and-new-zealand-standard-classification-occupations,1,-8
Financial Brokers,22-business-human-resource-and-marketing-profession,2221,52400,133952,13,Bachelor degree or higher,https://www.abs.gov.au/statistics/classifications/anzsco-australian-and-new-zealand-standard-classification-occupations,8,-5
Financial Dealers,22-business-human-resource-and-marketing-profession,2222,20100,137852,12,Bachelor degree or higher,https://www.abs.gov.au/statistics/classifications/anzsco-australian-and-new-zealand-standard-classification-occupations,0,-7
Financial Investment Advisers and Managers,22-business-human-resource-and-marketing-profession,2223,64300,134264,13,Bachelor degree or higher,https://www.abs.gov.au/statistics/classifications/anzsco-australian-and-new-zealand-standard-classification-occupations,2,-4
Human Resource Professionals,22-business-human-resource-and-marketing-profession,2231,85800,102440,15,Bachelor degree or higher,https://www.abs.gov.au/statistics/classifications/anzsco-australian-and-new-zealand-standard-classification-occupations,0,1
ICT Trainers,22-business-human-resource-and-marketing-profession,2232,3200,,16,Bachelor degree or higher,https://www.abs.gov.au/statistics/classifications/anzsco-australian-and-new-zealand-standard-classification-occupations,3,2
Training and Development Professionals,22-business-human-resource-and-marketing-profession,2233,33800,101712,15,Bachelor degree or higher,https://www.abs.gov.au/statistics/classifications/anzsco-australian-and-new-zealand-standard-classification-occupations,5,3
"Actuaries, Mathematicians and Statisticians",22-business-human-resource-and-marketing-profession,2241,12100,107744,28,Bachelor degree or higher,https://www.abs.gov.au/statistics/classifications/anzsco-australian-and-new-zealand-standard-classification-occupations,2,5
"Archivists, Curators and Records Managers",22-business-human-resource-and-marketing-profession,2242,9600,118508,29,Bachelor degree or higher,https://www.abs.gov.au/statistics/classifications/anzsco-australian-and-new-zealand-standard-classification-occupations,4,-2
Economists,22-business-human-resource-and-marketing-profession,2243,4500,148824,26,Bachelor degree or higher,https://www.abs.gov.au/statistics/classifications/anzsco-australian-and-new-zealand-standard-classification-occupations,-2,2
Intelligence and Policy Analysts,22-business-human-resource-and-marketing-profession,2244,42400,112996,25,Bachelor degree or higher,https://www.abs.gov.au/statistics/classifications/anzsco-australian-and-new-zealand-standard-classification-occupations,5,4
Land Economists and Valuers,22-business-human-resource-and-marketing-profession,2245,14000,142688,29,Bachelor degree or higher,https://www.abs.gov.au/statistics/classifications/anzsco-australian-and-new-zealand-standard-classification-occupations,1,1
Librarians,22-business-human-resource-and-marketing-profession,2246,11900,95732,26,Bachelor degree or higher,https://www.abs.gov.au/statistics/classifications/anzsco-australian-and-new-zealand-standard-classification-occupations,-1,-3
Management and Organisation Analysts,22-business-human-resource-and-marketing-profession,2247,109600,127088,27,Bachelor degree or higher,https://www.abs.gov.au/statistics/classifications/anzsco-australian-and-new-zealand-standard-classification-occupations,2,6
Other Information and Organisation Professionals,22-business-human-resource-and-marketing-profession,2249,57700,113828,27,Bachelor degree or higher,https://www.abs.gov.au/statistics/classifications/anzsco-australian-and-new-zealand-standard-classification-occupations,5,2
Advertising and Marketing Professionals,22-business-human-resource-and-marketing-profession,2251,102500,101764,22,Bachelor degree or higher,https://www.abs.gov.au/statistics/classifications/anzsco-australian-and-new-zealand-standard-classification-occupations,3,3
ICT Sales Professionals,22-business-human-resource-and-marketing-profession,2252,19600,104156,23,Certificate III or IV,https://www.abs.gov.au/statistics/classifications/anzsco-australian-and-new-zealand-standard-classification-occupations,1,4
Public Relations Professionals,22-business-human-resource-and-marketing-profession,2253,32500,106392,21,Bachelor degree or higher,https://www.abs.gov.au/statistics/classifications/anzsco-australian-and-new-zealand-standard-classification-occupations,5,2
Technical Sales Representatives,22-business-human-resource-and-marketing-profession,2254,27000,134992,25,Certificate III or IV,https://www.abs.gov.au/statistics/classifications/anzsco-australian-and-new-zealand-standard-classification-occupations,-3,-2
Air Transport Professionals,23-design-engineering-science-and-transport-profess,2311,16700,137852,14,Bachelor degree or higher,https://www.abs.gov.au/statistics/classifications/anzsco-australian-and-new-zealand-standard-classification-occupations,4,1
Marine Transport Professionals,23-design-engineering-science-and-transport-profess,2312,10800,174980,12,Bachelor degree or higher,https://www.abs.gov.au/statistics/classifications/anzsco-australian-and-new-zealand-standard-classification-occupations,2,0
Architects and Landscape Architects,23-design-engineering-science-and-transport-profess,2321,31500,120016,19,Bachelor degree or higher,https://www.abs.gov.au/statistics/classifications/anzsco-australian-and-new-zealand-standard-classification-occupations,-3,3
Surveyors and Spatial Scientists,23-design-engineering-science-and-transport-profess,2322,21800,119600,19,Bachelor degree or higher,https://www.abs.gov.au/statistics/classifications/anzsco-australian-and-new-zealand-standard-classification-occupations,9,2
"Fashion, Industrial and Jewellery Designers",23-design-engineering-science-and-transport-profess,2323,14200,,21,Bachelor degree or higher,https://www.abs.gov.au/statistics/classifications/anzsco-australian-and-new-zealand-standard-classification-occupations,1,-1
"Graphic and Web Designers, and Illustrators",23-design-engineering-science-and-transport-profess,2324,58700,96200,19,Bachelor degree or higher,https://www.abs.gov.au/statistics/classifications/anzsco-australian-and-new-zealand-standard-classification-occupations,3,1
Interior Designers,23-design-engineering-science-and-transport-profess,2325,17700,87984,20,Bachelor degree or higher,https://www.abs.gov.au/statistics/classifications/anzsco-australian-and-new-zealand-standard-classification-occupations,2,0
Urban and Regional Planners,23-design-engineering-science-and-transport-profess,2326,19100,120432,18,Bachelor degree or higher,https://www.abs.gov.au/statistics/classifications/anzsco-australian-and-new-zealand-standard-classification-occupations,2,4
Chemical and Materials Engineers,23-design-engineering-science-and-transport-profess,2331,6900,148148,23,Bachelor degree or higher,https://www.abs.gov.au/statistics/classifications/anzsco-australian-and-new-zealand-standard-classification-occupations,3,2
Civil Engineering Professionals,23-design-engineering-science-and-transport-profess,2332,74400,115284,21,Bachelor degree or higher,https://www.abs.gov.au/statistics/classifications/anzsco-australian-and-new-zealand-standard-classification-occupations,1,3
Electrical Engineers,23-design-engineering-science-and-transport-profess,2333,34100,132756,22,Bachelor degree or higher,https://www.abs.gov.au/statistics/classifications/anzsco-australian-and-new-zealand-standard-classification-occupations,9,5
Electronics Engineers,23-design-engineering-science-and-transport-profess,2334,6200,143624,23,Bachelor degree or higher,https://www.abs.gov.au/statistics/classifications/anzsco-australian-and-new-zealand-standard-classification-occupations,0,1
"Industrial, Mechanical and Production Engineers",23-design-engineering-science-and-transport-profess,2335,42000,135928,23,Bachelor degree or higher,https://www.abs.gov.au/statistics/classifications/anzsco-australian-and-new-zealand-standard-classification-occupations,3,2
Mining Engineers,23-design-engineering-science-and-transport-profess,2336,16200,182936,18,Bachelor degree or higher,https://www.abs.gov.au/statistics/classifications/anzsco-australian-and-new-zealand-standard-classification-occupations,7,-3
Other Engineering Professionals,23-design-engineering-science-and-transport-profess,2339,18700,137748,23,Bachelor degree or higher,https://www.abs.gov.au/statistics/classifications/anzsco-australian-and-new-zealand-standard-classification-occupations,7,1
Agricultural and Forestry Scientists,23-design-engineering-science-and-transport-profess,2341,8100,107848,17,Bachelor degree or higher,https://www.abs.gov.au/statistics/classifications/anzsco-australian-and-new-zealand-standard-classification-occupations,-5,2
"Chemists, and Food and Wine Scientists",23-design-engineering-science-and-transport-profess,2342,9100,114088,20,Bachelor degree or higher,https://www.abs.gov.au/statistics/classifications/anzsco-australian-and-new-zealand-standard-classification-occupations,-5,1
Environmental Scientists,23-design-engineering-science-and-transport-profess,2343,32600,101556,17,Bachelor degree or higher,https://www.abs.gov.au/statistics/classifications/anzsco-australian-and-new-zealand-standard-classification-occupations,4,4
"Geologists, Geophysicists and Hydrogeologists",23-design-engineering-science-and-transport-profess,2344,13400,151528,17,Bachelor degree or higher,https://www.abs.gov.au/statistics/classifications/anzsco-australian-and-new-zealand-standard-classification-occupations,3,-2
Life Scientists,23-design-engineering-science-and-transport-profess,2345,9300,80288,20,Bachelor degree or higher,https://www.abs.gov.au/statistics/classifications/anzsco-australian-and-new-zealand-standard-classification-occupations,-3,3
Medical Laboratory Scientists,23-design-engineering-science-and-transport-profess,2346,34900,106912,25,Bachelor degree or higher,https://www.abs.gov.au/statistics/classifications/anzsco-australian-and-new-zealand-standard-classification-occupations,7,1
Veterinarians,23-design-engineering-science-and-transport-profess,2347,16200,125476,18,Bachelor degree or higher,https://www.abs.gov.au/statistics/classifications/anzsco-australian-and-new-zealand-standard-classification-occupations,7,2
Other Natural and Physical Science Professionals,23-design-engineering-science-and-transport-profess,2349,14500,96096,25,Bachelor degree or higher,https://www.abs.gov.au/statistics/classifications/anzsco-australian-and-new-zealand-standard-classification-occupations,1,0
Early Childhood (Pre-primary School) Teachers,24-education-professionals,2411,75200,99112,12,Bachelor degree or higher,https://www.abs.gov.au/statistics/classifications/anzsco-australian-and-new-zealand-standard-classification-occupations,7,5
Primary School Teachers,24-education-professionals,2412,167400,115752,12,Bachelor degree or higher,https://www.abs.gov.au/statistics/classifications/anzsco-australian-and-new-zealand-standard-classification-occupations,1,1
Middle School Teachers (Aus) \ Intermediate School Teachers (NZ),24-education-professionals,2413,900,126048,12,Bachelor degree or higher,https://www.abs.gov.au/statistics/classifications/anzsco-australian-and-new-zealand-standard-classification-occupations,-33,0
Secondary School Teachers,24-education-professionals,2414,158500,120744,12,Bachelor degree or higher,https://www.abs.gov.au/statistics/classifications/anzsco-australian-and-new-zealand-standard-classification-occupations,3,1
Special Education Teachers,24-education-professionals,2415,33300,112320,13,Bachelor degree or higher,https://www.abs.gov.au/statistics/classifications/anzsco-australian-and-new-zealand-standard-classification-occupations,8,4
University Lecturers and Tutors,24-education-professionals,2421,63300,152048,20,Bachelor degree or higher,https://www.abs.gov.au/statistics/classifications/anzsco-australian-and-new-zealand-standard-classification-occupations,1,2
Vocational Education Teachers (Aus) \ Polytechnic Teachers (NZ),24-education-professionals,2422,37800,110656,19,Bachelor degree or higher,https://www.abs.gov.au/statistics/classifications/anzsco-australian-and-new-zealand-standard-classification-occupations,3,1
Education Advisers and Reviewers,24-education-professionals,2491,25800,131248,14,Bachelor degree or higher,https://www.abs.gov.au/statistics/classifications/anzsco-australian-and-new-zealand-standard-classification-occupations,1,0
Private Tutors and Teachers,24-education-professionals,2492,47600,130936,14,Bachelor degree or higher,https://www.abs.gov.au/statistics/classifications/anzsco-australian-and-new-zealand-standard-classification-occupations,2,-2
Teachers of English to Speakers of Other Languages,24-education-professionals,2493,3800,123032,14,Bachelor degree or higher,https://www.abs.gov.au/statistics/classifications/anzsco-australian-and-new-zealand-standard-classification-occupations,5,1
Nutrition Professionals,25-health-professionals,2511,12100,86684,30,Bachelor degree or higher,https://www.abs.gov.au/statistics/classifications/anzsco-australian-and-new-zealand-standard-classification-occupations,8,3
Medical Imaging Professionals,25-health-professionals,2512,25700,122720,33,Bachelor degree or higher,https://www.abs.gov.au/statistics/classifications/anzsco-australian-and-new-zealand-standard-classification-occupations,7,4
Occupational and Environmental Health Professionals,25-health-professionals,2513,41100,118768,20,Bachelor degree or higher,https://www.abs.gov.au/statistics/classifications/anzsco-australian-and-new-zealand-standard-classification-occupations,6,2
Optometrists and Orthoptists,25-health-professionals,2514,9300,,33,Bachelor degree or higher,https://www.abs.gov.au/statistics/classifications/anzsco-australian-and-new-zealand-standard-classification-occupations,0,1
Pharmacists,25-health-professionals,2515,44900,101712,20,Bachelor degree or higher,https://www.abs.gov.au/statistics/classifications/anzsco-australian-and-new-zealand-standard-classification-occupations,6,0
Other Health Diagnostic and Promotion Professionals,25-health-professionals,2519,10800,105248,27,Bachelor degree or higher,https://www.abs.gov.au/statistics/classifications/anzsco-australian-and-new-zealand-standard-classification-occupations,2,2
Chiropractors and Osteopaths,25-health-professionals,2521,9300,,36,Bachelor degree or higher,https://www.abs.gov.au/statistics/classifications/anzsco-australian-and-new-zealand-standard-classification-occupations,3,1
Complementary Health Therapists,25-health-professionals,2522,7800,,34,Bachelor degree or higher,https://www.abs.gov.au/statistics/classifications/anzsco-australian-and-new-zealand-standard-classification-occupations,-8,0
Dental Practitioners,25-health-professionals,2523,23500,168064,36,Bachelor degree or higher,https://www.abs.gov.au/statistics/classifications/anzsco-australian-and-new-zealand-standard-classification-occupations,6,3
Occupational Therapists,25-health-professionals,2524,34200,99476,33,Bachelor degree or higher,https://www.abs.gov.au/statistics/classifications/anzsco-australian-and-new-zealand-standard-classification-occupations,8,4
Physiotherapists,25-health-professionals,2525,45900,98176,35,Bachelor degree or higher,https://www.abs.gov.au/statistics/classifications/anzsco-australian-and-new-zealand-standard-classification-occupations,5,4
Podiatrists,25-health-professionals,2526,6700,,36,Bachelor degree or higher,https://www.abs.gov.au/statistics/classifications/anzsco-australian-and-new-zealand-standard-classification-occupations,4,2
Audiologists and Speech Pathologists \ Therapists,25-health-professionals,2527,19800,104156,33,Bachelor degree or higher,https://www.abs.gov.au/statistics/classifications/anzsco-australian-and-new-zealand-standard-classification-occupations,3,3
General  Practitioners and Resident Medical Officers,25-health-professionals,2531,91300,127192,33,Bachelor degree or higher,https://www.abs.gov.au/statistics/classifications/anzsco-australian-and-new-zealand-standard-classification-occupations,5,5
Anaesthetists,25-health-professionals,2532,7000,431236,33,Bachelor degree or higher,https://www.abs.gov.au/statistics/classifications/anzsco-australian-and-new-zealand-standard-classification-occupations,1,2
Specialist Physicians,25-health-professionals,2533,15700,188240,33,Bachelor degree or higher,https://www.abs.gov.au/statistics/classifications/anzsco-australian-and-new-zealand-standard-classification-occupations,4,3
Psychiatrists,25-health-professionals,2534,7400,,32,Bachelor degree or higher,https://www.abs.gov.au/statistics/classifications/anzsco-australian-and-new-zealand-standard-classification-occupations,12,4
Surgeons,25-health-professionals,2535,8200,203060,33,Bachelor degree or higher,https://www.abs.gov.au/statistics/classifications/anzsco-australian-and-new-zealand-standard-classification-occupations,-5,3
Other Medical Practitioners,25-health-professionals,2539,22200,260676,33,Bachelor degree or higher,https://www.abs.gov.au/statistics/classifications/anzsco-australian-and-new-zealand-standard-classification-occupations,4,2
Midwives,25-health-professionals,2541,19400,109928,27,Bachelor degree or higher,https://www.abs.gov.au/statistics/classifications/anzsco-australian-and-new-zealand-standard-classification-occupations,-1,3
Nurse Educators and Researchers,25-health-professionals,2542,9700,142064,23,Bachelor degree or higher,https://www.abs.gov.au/statistics/classifications/anzsco-australian-and-new-zealand-standard-classification-occupations,6,1
Nurse Managers,25-health-professionals,2543,21500,138216,26,Bachelor degree or higher,https://www.abs.gov.au/statistics/classifications/anzsco-australian-and-new-zealand-standard-classification-occupations,2,2
Registered Nurses,25-health-professionals,2544,362900,113984,26,Bachelor degree or higher,https://www.abs.gov.au/statistics/classifications/anzsco-australian-and-new-zealand-standard-classification-occupations,3,6
ICT Business and Systems Analysts,26-ict-professionals,2611,51500,140244,26,Bachelor degree or higher,https://www.abs.gov.au/statistics/classifications/anzsco-australian-and-new-zealand-standard-classification-occupations,2,7
Multimedia Specialists and Web Developers,26-ict-professionals,2612,11900,128752,27,Bachelor degree or higher,https://www.abs.gov.au/statistics/classifications/anzsco-australian-and-new-zealand-standard-classification-occupations,-8,3
Software and Applications Programmers,26-ict-professionals,2613,195400,131924,27,Bachelor degree or higher,https://www.abs.gov.au/statistics/classifications/anzsco-australian-and-new-zealand-standard-classification-occupations,6,8
"Database and Systems Administrators, and ICT Security Specialists",26-ict-professionals,2621,72300,127972,24,Bachelor degree or higher,https://www.abs.gov.au/statistics/classifications/anzsco-australian-and-new-zealand-standard-classification-occupations,5,5
Computer Network Professionals,26-ict-professionals,2631,48800,120068,25,Bachelor degree or higher,https://www.abs.gov.au/statistics/classifications/anzsco-australian-and-new-zealand-standard-classification-occupations,6,4
ICT Support and Test Engineers,26-ict-professionals,2632,17000,109980,25,Bachelor degree or higher,https://www.abs.gov.au/statistics/classifications/anzsco-australian-and-new-zealand-standard-classification-occupations,8,3
Telecommunications Engineering Professionals,26-ict-professionals,2633,14700,145444,22,Bachelor degree or higher,https://www.abs.gov.au/statistics/classifications/anzsco-australian-and-new-zealand-standard-classification-occupations,1,2
Barristers,27-legal-social-and-welfare-professionals,2711,8800,181740,21,Bachelor degree or higher,https://www.abs.gov.au/statistics/classifications/anzsco-australian-and-new-zealand-standard-classification-occupations,-1,0
Judicial and Other Legal Professionals,27-legal-social-and-welfare-professionals,2712,13900,145756,20,Bachelor degree or higher,https://www.abs.gov.au/statistics/classifications/anzsco-australian-and-new-zealand-standard-classification-occupations,4,-1
Solicitors,27-legal-social-and-welfare-professionals,2713,103700,107640,21,Bachelor degree or higher,https://www.abs.gov.au/statistics/classifications/anzsco-australian-and-new-zealand-standard-classification-occupations,5,-3
Counsellors,27-legal-social-and-welfare-professionals,2721,43400,112008,23,Bachelor degree or higher,https://www.abs.gov.au/statistics/classifications/anzsco-australian-and-new-zealand-standard-classification-occupations,11,3
Ministers of Religion,27-legal-social-and-welfare-professionals,2722,16900,103688,19,Bachelor degree or higher,https://www.abs.gov.au/statistics/classifications/anzsco-australian-and-new-zealand-standard-classification-occupations,-9,-2
Psychologists,27-legal-social-and-welfare-professionals,2723,53100,114608,31,Bachelor degree or higher,https://www.abs.gov.au/statistics/classifications/anzsco-australian-and-new-zealand-standard-classification-occupations,8,4
Social Professionals,27-legal-social-and-welfare-professionals,2724,16100,109876,21,Bachelor degree or higher,https://www.abs.gov.au/statistics/classifications/anzsco-australian-and-new-zealand-standard-classification-occupations,4,1
Social Workers,27-legal-social-and-welfare-professionals,2725,48000,112944,25,Bachelor degree or higher,https://www.abs.gov.au/statistics/classifications/anzsco-australian-and-new-zealand-standard-classification-occupations,5,5
"Welfare, Recreation and Community Arts Workers",27-legal-social-and-welfare-professionals,2726,43000,101920,23,Diploma or Advanced Diploma,https://www.abs.gov.au/statistics/classifications/anzsco-australian-and-new-zealand-standard-classification-occupations,4,2
Agricultural Technicians,31-engineering-ict-and-science-technicians,3111,2700,94016,9,Diploma or Advanced Diploma,https://www.abs.gov.au/statistics/classifications/anzsco-australian-and-new-zealand-standard-classification-occupations,4,-3
Medical Technicians,31-engineering-ict-and-science-technicians,3112,41500,80028,17,Diploma or Advanced Diploma,https://www.abs.gov.au/statistics/classifications/anzsco-australian-and-new-zealand-standard-classification-occupations,4,2
Primary Products Inspectors,31-engineering-ict-and-science-technicians,3113,4800,69160,5,Certificate III or IV,https://www.abs.gov.au/statistics/classifications/anzsco-australian-and-new-zealand-standard-classification-occupations,2,-2
Science Technicians,31-engineering-ict-and-science-technicians,3114,22800,93288,9,Certificate III or IV,https://www.abs.gov.au/statistics/classifications/anzsco-australian-and-new-zealand-standard-classification-occupations,4,1
"Architectural, Building and Surveying Technicians",31-engineering-ict-and-science-technicians,3121,78900,118560,14,Diploma or Advanced Diploma,https://www.abs.gov.au/statistics/classifications/anzsco-australian-and-new-zealand-standard-classification-occupations,-1,1
Civil Engineering Draftspersons and Technicians,31-engineering-ict-and-science-technicians,3122,14100,89960,11,Diploma or Advanced Diploma,https://www.abs.gov.au/statistics/classifications/anzsco-australian-and-new-zealand-standard-classification-occupations,-1,0
Electrical Engineering Draftspersons and Technicians,31-engineering-ict-and-science-technicians,3123,10200,148408,12,Diploma or Advanced Diploma,https://www.abs.gov.au/statistics/classifications/anzsco-australian-and-new-zealand-standard-classification-occupations,-2,-1
Electronic Engineering Draftspersons and Technicians,31-engineering-ict-and-science-technicians,3124,8600,111384,12,Diploma or Advanced Diploma,https://www.abs.gov.au/statistics/classifications/anzsco-australian-and-new-zealand-standard-classification-occupations,14,-2
Mechanical Engineering Draftspersons and Technicians,31-engineering-ict-and-science-technicians,3125,5400,134628,13,Diploma or Advanced Diploma,https://www.abs.gov.au/statistics/classifications/anzsco-australian-and-new-zealand-standard-classification-occupations,-7,-1
Safety Inspectors,31-engineering-ict-and-science-technicians,3126,6600,123864,11,Diploma or Advanced Diploma,https://www.abs.gov.au/statistics/classifications/anzsco-australian-and-new-zealand-standard-classification-occupations,-3,0
Other Building and Engineering Technicians,31-engineering-ict-and-science-technicians,3129,42100,153608,12,Diploma or Advanced Diploma,https://www.abs.gov.au/statistics/classifications/anzsco-australian-and-new-zealand-standard-classification-occupations,6,-1
ICT Support Technicians,31-engineering-ict-and-science-technicians,3131,74000,87724,17,Diploma or Advanced Diploma,https://www.abs.gov.au/statistics/classifications/anzsco-australian-and-new-zealand-standard-classification-occupations,1,-6
Telecommunications Technical Specialists,31-engineering-ict-and-science-technicians,3132,3800,118872,14,Diploma or Advanced Diploma,https://www.abs.gov.au/statistics/classifications/anzsco-australian-and-new-zealand-standard-classification-occupations,0,-3
Automotive Electricians,32-automotive-and-engineering-trades-workers,3211,10300,146016,8,Diploma or Advanced Diploma,https://www.abs.gov.au/statistics/classifications/anzsco-australian-and-new-zealand-standard-classification-occupations,-2,1
Motor Mechanics,32-automotive-and-engineering-trades-workers,3212,109900,84344,8,Certificate III or IV,https://www.abs.gov.au/statistics/classifications/anzsco-australian-and-new-zealand-standard-classification-occupations,1,2
"Metal Casting, Forging and Finishing Trades Workers",32-automotive-and-engineering-trades-workers,3221,2000,,5,Certificate III or IV,https://www.abs.gov.au/statistics/classifications/anzsco-australian-and-new-zealand-standard-classification-occupations,-25,-4
Sheetmetal Trades Workers,32-automotive-and-engineering-trades-workers,3222,4000,,10,Certificate III or IV,https://www.abs.gov.au/statistics/classifications/anzsco-australian-and-new-zealand-standard-classification-occupations,-18,-5
Structural Steel and Welding Trades Workers,32-automotive-and-engineering-trades-workers,3223,79200,87776,7,Certificate III or IV,https://www.abs.gov.au/statistics/classifications/anzsco-australian-and-new-zealand-standard-classification-occupations,2,-3
Aircraft Maintenance Engineers,32-automotive-and-engineering-trades-workers,3231,9900,102960,7,Certificate III or IV,https://www.abs.gov.au/statistics/classifications/anzsco-australian-and-new-zealand-standard-classification-occupations,-5,1
Metal Fitters and Machinists,32-automotive-and-engineering-trades-workers,3232,118000,135512,7,Certificate III or IV,https://www.abs.gov.au/statistics/classifications/anzsco-australian-and-new-zealand-standard-classification-occupations,0,-2
Precision Metal Trades Workers,32-automotive-and-engineering-trades-workers,3233,7600,79924,8,Certificate III or IV,https://www.abs.gov.au/statistics/classifications/anzsco-australian-and-new-zealand-standard-classification-occupations,-1,-3
Toolmakers and Engineering Patternmakers,32-automotive-and-engineering-trades-workers,3234,1800,,10,Certificate III or IV,https://www.abs.gov.au/statistics/classifications/anzsco-australian-and-new-zealand-standard-classification-occupations,-11,-4
Panelbeaters,32-automotive-and-engineering-trades-workers,3241,11100,96096,0,Certificate III or IV,https://www.abs.gov.au/statistics/classifications/anzsco-australian-and-new-zealand-standard-classification-occupations,1,-1
Vehicle Body Builders and Trimmers,32-automotive-and-engineering-trades-workers,3242,6700,100048,3,Certificate III or IV,https://www.abs.gov.au/statistics/classifications/anzsco-australian-and-new-zealand-standard-classification-occupations,3,-2
Vehicle Painters,32-automotive-and-engineering-trades-workers,3243,9100,97760,0,Certificate III or IV,https://www.abs.gov.au/statistics/classifications/anzsco-australian-and-new-zealand-standard-classification-occupations,-3,-2
Bricklayers and Stonemasons,33-construction-trades-workers,3311,27500,120484,10,Certificate III or IV,https://www.abs.gov.au/statistics/classifications/anzsco-australian-and-new-zealand-standard-classification-occupations,-1,1
Carpenters and Joiners,33-construction-trades-workers,3312,149900,91520,11,Certificate III or IV,https://www.abs.gov.au/statistics/classifications/anzsco-australian-and-new-zealand-standard-classification-occupations,2,2
Floor Finishers,33-construction-trades-workers,3321,11900,,8,Diploma or Advanced Diploma,https://www.abs.gov.au/statistics/classifications/anzsco-australian-and-new-zealand-standard-classification-occupations,8,-1
Painting Trades Workers,33-construction-trades-workers,3322,48300,71708,8,Certificate III or IV,https://www.abs.gov.au/statistics/classifications/anzsco-australian-and-new-zealand-standard-classification-occupations,-7,-2
Glaziers,33-construction-trades-workers,3331,8400,,4,Certificate III or IV,https://www.abs.gov.au/statistics/classifications/anzsco-australian-and-new-zealand-standard-classification-occupations,0,0
Plasterers,33-construction-trades-workers,3332,30500,95732,6,Certificate III or IV,https://www.abs.gov.au/statistics/classifications/anzsco-australian-and-new-zealand-standard-classification-occupations,1,-1
Roof Tilers,33-construction-trades-workers,3333,9700,,4,Certificate III or IV,https://www.abs.gov.au/statistics/classifications/anzsco-australian-and-new-zealand-standard-classification-occupations,0,0
Wall and Floor Tilers,33-construction-trades-workers,3334,22400,,6,Certificate III or IV,https://www.abs.gov.au/statistics/classifications/anzsco-australian-and-new-zealand-standard-classification-occupations,4,-1
Plumbers,33-construction-trades-workers,3341,108200,103480,10,Certificate III or IV,https://www.abs.gov.au/statistics/classifications/anzsco-australian-and-new-zealand-standard-classification-occupations,5,3
Electricians,34-electrotechnology-and-telecommunications-trades-,3411,195900,113932,12,Certificate III or IV,https://www.abs.gov.au/statistics/classifications/anzsco-australian-and-new-zealand-standard-classification-occupations,4,4
Airconditioning and Refrigeration Mechanics,34-electrotechnology-and-telecommunications-trades-,3421,29300,109200,7,Certificate III or IV,https://www.abs.gov.au/statistics/classifications/anzsco-australian-and-new-zealand-standard-classification-occupations,-1,3
Electrical Distribution Trades Workers,34-electrotechnology-and-telecommunications-trades-,3422,11800,142012,5,Diploma or Advanced Diploma,https://www.abs.gov.au/statistics/classifications/anzsco-australian-and-new-zealand-standard-classification-occupations,5,1
Electronics Trades Workers,34-electrotechnology-and-telecommunications-trades-,3423,32600,97864,6,Certificate III or IV,https://www.abs.gov.au/statistics/classifications/anzsco-australian-and-new-zealand-standard-classification-occupations,6,-1
Telecommunications Trades Workers,34-electrotechnology-and-telecommunications-trades-,3424,16300,107120,4,Certificate III or IV,https://www.abs.gov.au/statistics/classifications/anzsco-australian-and-new-zealand-standard-classification-occupations,-9,-2
Bakers and Pastrycooks,35-food-trades-workers,3511,34500,73684,8,Certificate III or IV,https://www.abs.gov.au/statistics/classifications/anzsco-australian-and-new-zealand-standard-classification-occupations,3,-3
Butchers and Smallgoods Makers,35-food-trades-workers,3512,13400,80600,10,Certificate III or IV,https://www.abs.gov.au/statistics/classifications/anzsco-australian-and-new-zealand-standard-classification-occupations,-3,-4
Chefs,35-food-trades-workers,3513,133300,73996,12,Certificate III or IV,https://www.abs.gov.au/statistics/classifications/anzsco-australian-and-new-zealand-standard-classification-occupations,5,2
Cooks,35-food-trades-workers,3514,32300,74464,13,Certificate III or IV,https://www.abs.gov.au/statistics/classifications/anzsco-australian-and-new-zealand-standard-classification-occupations,-9,-2
Animal Attendants and Trainers,36-skilled-animal-and-horticultural-workers,3611,27800,66352,11,Certificate III or IV,https://www.abs.gov.au/statistics/classifications/anzsco-australian-and-new-zealand-standard-classification-occupations,6,1
Shearers,36-skilled-animal-and-horticultural-workers,3612,2500,,8,Certificate III or IV,https://www.abs.gov.au/statistics/classifications/anzsco-australian-and-new-zealand-standard-classification-occupations,4,-5
Veterinary Nurses,36-skilled-animal-and-horticultural-workers,3613,16900,86684,12,Bachelor degree or higher,https://www.abs.gov.au/statistics/classifications/anzsco-australian-and-new-zealand-standard-classification-occupations,5,2
Florists,36-skilled-animal-and-horticultural-workers,3621,5500,,5,Certificate III or IV,https://www.abs.gov.au/statistics/classifications/anzsco-australian-and-new-zealand-standard-classification-occupations,-7,-2
Gardeners,36-skilled-animal-and-horticultural-workers,3622,88600,,9,Certificate III or IV,https://www.abs.gov.au/statistics/classifications/anzsco-australian-and-new-zealand-standard-classification-occupations,2,1
Greenkeepers,36-skilled-animal-and-horticultural-workers,3623,13600,76336,6,Certificate III or IV,https://www.abs.gov.au/statistics/classifications/anzsco-australian-and-new-zealand-standard-classification-occupations,-1,0
Nurserypersons,36-skilled-animal-and-horticultural-workers,3624,3400,,9,Certificate III or IV,https://www.abs.gov.au/statistics/classifications/anzsco-australian-and-new-zealand-standard-classification-occupations,-6,-1
Hairdressers,39-other-technicians-and-trades-workers,3911,68300,62868,6,Diploma or Advanced Diploma,https://www.abs.gov.au/statistics/classifications/anzsco-australian-and-new-zealand-standard-classification-occupations,3,2
Print Finishers and Screen Printers,39-other-technicians-and-trades-workers,3921,3600,,5,Certificate III or IV,https://www.abs.gov.au/statistics/classifications/anzsco-australian-and-new-zealand-standard-classification-occupations,6,-8
Graphic Pre-press Trades Workers,39-other-technicians-and-trades-workers,3922,1300,,6,Certificate III or IV,https://www.abs.gov.au/statistics/classifications/anzsco-australian-and-new-zealand-standard-classification-occupations,-31,-7
Printers,39-other-technicians-and-trades-workers,3923,10200,73216,5,Certificate III or IV,https://www.abs.gov.au/statistics/classifications/anzsco-australian-and-new-zealand-standard-classification-occupations,-3,-9
Canvas and Leather Goods Makers,39-other-technicians-and-trades-workers,3931,1200,,6,Certificate III or IV,https://www.abs.gov.au/statistics/classifications/anzsco-australian-and-new-zealand-standard-classification-occupations,-17,-3
Clothing Trades Workers,39-other-technicians-and-trades-workers,3932,7800,,10,Certificate III or IV,https://www.abs.gov.au/statistics/classifications/anzsco-australian-and-new-zealand-standard-classification-occupations,0,-4
Upholsterers,39-other-technicians-and-trades-workers,3933,1800,79404,6,Certificate III or IV,https://www.abs.gov.au/statistics/classifications/anzsco-australian-and-new-zealand-standard-classification-occupations,-17,-2
Cabinetmakers,39-other-technicians-and-trades-workers,3941,30200,72800,8,Certificate III or IV,https://www.abs.gov.au/statistics/classifications/anzsco-australian-and-new-zealand-standard-classification-occupations,0,-1
Wood Machinists and Other Wood Trades Workers,39-other-technicians-and-trades-workers,3942,2700,73060,6,Certificate III or IV,https://www.abs.gov.au/statistics/classifications/anzsco-australian-and-new-zealand-standard-classification-occupations,-7,-2
Boat Builders and Shipwrights,39-other-technicians-and-trades-workers,3991,3100,114244,4,Certificate III or IV,https://www.abs.gov.au/statistics/classifications/anzsco-australian-and-new-zealand-standard-classification-occupations,-19,0
"Chemical, Gas, Petroleum and Power Generation Plant Operators",39-other-technicians-and-trades-workers,3992,8100,183664,9,Certificate III or IV,https://www.abs.gov.au/statistics/classifications/anzsco-australian-and-new-zealand-standard-classification-occupations,-7,-3
"Gallery, Library and Museum Technicians",39-other-technicians-and-trades-workers,3993,6800,77896,7,Certificate III or IV,https://www.abs.gov.au/statistics/classifications/anzsco-australian-and-new-zealand-standard-classification-occupations,-3,1
Jewellers,39-other-technicians-and-trades-workers,3994,4600,,14,Certificate III or IV,https://www.abs.gov.au/statistics/classifications/anzsco-australian-and-new-zealand-standard-classification-occupations,2,0
Performing Arts Technicians,39-other-technicians-and-trades-workers,3995,15400,95888,8,Certificate III or IV,https://www.abs.gov.au/statistics/classifications/anzsco-australian-and-new-zealand-standard-classification-occupations,-3,-1
Signwriters,39-other-technicians-and-trades-workers,3996,6400,,10,Certificate III or IV,https://www.abs.gov.au/statistics/classifications/anzsco-australian-and-new-zealand-standard-classification-occupations,3,-2
Other Miscellaneous Technicians and Trades Workers,39-other-technicians-and-trades-workers,3999,23500,105872,14,Certificate III or IV,https://www.abs.gov.au/statistics/classifications/anzsco-australian-and-new-zealand-standard-classification-occupations,1,-1
Ambulance Officers and Paramedics,41-health-and-welfare-support-workers,4111,27000,148304,23,Diploma or Advanced Diploma,https://www.abs.gov.au/statistics/classifications/anzsco-australian-and-new-zealand-standard-classification-occupations,3,5
"Dental Hygienists, Technicians and Therapists",41-health-and-welfare-support-workers,4112,7800,114920,21,Diploma or Advanced Diploma,https://www.abs.gov.au/statistics/classifications/anzsco-australian-and-new-zealand-standard-classification-occupations,-3,2
Diversional Therapists,41-health-and-welfare-support-workers,4113,6300,74568,19,Diploma or Advanced Diploma,https://www.abs.gov.au/statistics/classifications/anzsco-australian-and-new-zealand-standard-classification-occupations,5,1
Enrolled and Mothercraft Nurses,41-health-and-welfare-support-workers,4114,21100,92404,21,Certificate III or IV,https://www.abs.gov.au/statistics/classifications/anzsco-australian-and-new-zealand-standard-classification-occupations,-3,3
Indigenous Health Workers,41-health-and-welfare-support-workers,4115,1100,75920,20,Diploma or Advanced Diploma,https://www.abs.gov.au/statistics/classifications/anzsco-australian-and-new-zealand-standard-classification-occupations,0,4
Massage Therapists,41-health-and-welfare-support-workers,4116,19800,,22,Diploma or Advanced Diploma,https://www.abs.gov.au/statistics/classifications/anzsco-australian-and-new-zealand-standard-classification-occupations,2,2
Welfare Support Workers,41-health-and-welfare-support-workers,4117,96000,95888,12,Diploma or Advanced Diploma,https://www.abs.gov.au/statistics/classifications/anzsco-australian-and-new-zealand-standard-classification-occupations,5,3
Child Carers,42-carers-and-aides,4211,180800,69732,5,Certificate III or IV,https://www.abs.gov.au/statistics/classifications/anzsco-australian-and-new-zealand-standard-classification-occupations,6,4
Education Aides,42-carers-and-aides,4221,136700,69784,10,Diploma or Advanced Diploma,https://www.abs.gov.au/statistics/classifications/anzsco-australian-and-new-zealand-standard-classification-occupations,5,3
Aged and Disabled Carers,42-carers-and-aides,4231,369400,91572,18,Certificate III or IV,https://www.abs.gov.au/statistics/classifications/anzsco-australian-and-new-zealand-standard-classification-occupations,7,7
Dental Assistants,42-carers-and-aides,4232,27100,62972,27,Certificate III or IV,https://www.abs.gov.au/statistics/classifications/anzsco-australian-and-new-zealand-standard-classification-occupations,-6,1
Nursing Support and Personal Care Workers,42-carers-and-aides,4233,113200,83824,25,Certificate III or IV,https://www.abs.gov.au/statistics/classifications/anzsco-australian-and-new-zealand-standard-classification-occupations,5,6
Special Care Workers,42-carers-and-aides,4234,3100,88816,14,Certificate III or IV,https://www.abs.gov.au/statistics/classifications/anzsco-australian-and-new-zealand-standard-classification-occupations,-16,3
Bar Attendants and Baristas,43-hospitality-workers,4311,121600,78000,11,Diploma or Advanced Diploma,https://www.abs.gov.au/statistics/classifications/anzsco-australian-and-new-zealand-standard-classification-occupations,3,-3
Cafe Workers,43-hospitality-workers,4312,39000,69992,11,Diploma or Advanced Diploma,https://www.abs.gov.au/statistics/classifications/anzsco-australian-and-new-zealand-standard-classification-occupations,5,-4
Gaming Workers,43-hospitality-workers,4313,4500,80028,11,Certificate II or III,https://www.abs.gov.au/statistics/classifications/anzsco-australian-and-new-zealand-standard-classification-occupations,-13,-6
Hotel Service Managers,43-hospitality-workers,4314,9500,73320,13,Certificate III or IV,https://www.abs.gov.au/statistics/classifications/anzsco-australian-and-new-zealand-standard-classification-occupations,0,-2
Waiters,43-hospitality-workers,4315,128200,69992,12,Certificate II or III,https://www.abs.gov.au/statistics/classifications/anzsco-australian-and-new-zealand-standard-classification-occupations,-1,-3
Other Hospitality Workers,43-hospitality-workers,4319,5500,81848,11,Certificate II or III,https://www.abs.gov.au/statistics/classifications/anzsco-australian-and-new-zealand-standard-classification-occupations,-7,-2
Defence Force Members - Other Ranks,44-protective-service-workers,4411,17000,,9,Diploma or Advanced Diploma,https://www.abs.gov.au/statistics/classifications/anzsco-australian-and-new-zealand-standard-classification-occupations,,-1
Fire and Emergency Workers,44-protective-service-workers,4412,19800,128596,11,Diploma or Advanced Diploma,https://www.abs.gov.au/statistics/classifications/anzsco-australian-and-new-zealand-standard-classification-occupations,4,2
Police,44-protective-service-workers,4413,74100,133120,11,Diploma or Advanced Diploma,https://www.abs.gov.au/statistics/classifications/anzsco-australian-and-new-zealand-standard-classification-occupations,4,1
Prison Officers,44-protective-service-workers,4421,18600,108160,10,Certificate III or IV,https://www.abs.gov.au/statistics/classifications/anzsco-australian-and-new-zealand-standard-classification-occupations,-10,0
Security Officers and Guards,44-protective-service-workers,4422,65700,94536,11,Certificate II or III,https://www.abs.gov.au/statistics/classifications/anzsco-australian-and-new-zealand-standard-classification-occupations,3,-4
Beauty Therapists,45-sports-and-personal-service-workers,4511,40300,61256,11,Certificate III or IV,https://www.abs.gov.au/statistics/classifications/anzsco-australian-and-new-zealand-standard-classification-occupations,4,1
Driving Instructors,45-sports-and-personal-service-workers,4512,6100,115648,8,Certificate III or IV,https://www.abs.gov.au/statistics/classifications/anzsco-australian-and-new-zealand-standard-classification-occupations,-3,-2
Funeral Workers,45-sports-and-personal-service-workers,4513,4800,,10,Diploma or Advanced Diploma,https://www.abs.gov.au/statistics/classifications/anzsco-australian-and-new-zealand-standard-classification-occupations,4,0
"Gallery, Museum and Tour Guides",45-sports-and-personal-service-workers,4514,6300,74464,9,Certificate III or IV,https://www.abs.gov.au/statistics/classifications/anzsco-australian-and-new-zealand-standard-classification-occupations,2,1
Personal Care Consultants,45-sports-and-personal-service-workers,4515,4400,,21,Diploma or Advanced Diploma,https://www.abs.gov.au/statistics/classifications/anzsco-australian-and-new-zealand-standard-classification-occupations,-2,2
Tourism and Travel Advisers,45-sports-and-personal-service-workers,4516,21300,69160,9,Certificate III or IV,https://www.abs.gov.au/statistics/classifications/anzsco-australian-and-new-zealand-standard-classification-occupations,6,-3
Travel Attendants,45-sports-and-personal-service-workers,4517,10300,78208,13,Certificate II or III,https://www.abs.gov.au/statistics/classifications/anzsco-australian-and-new-zealand-standard-classification-occupations,0,-5
Other Personal Service Workers,45-sports-and-personal-service-workers,4518,24600,,11,Certificate II or III,https://www.abs.gov.au/statistics/classifications/anzsco-australian-and-new-zealand-standard-classification-occupations,9,-1
Fitness Instructors,45-sports-and-personal-service-workers,4521,37600,78000,13,Certificate II or III,https://www.abs.gov.au/statistics/classifications/anzsco-australian-and-new-zealand-standard-classification-occupations,2,2
Outdoor Adventure Guides,45-sports-and-personal-service-workers,4522,4700,67496,12,Certificate III or IV,https://www.abs.gov.au/statistics/classifications/anzsco-australian-and-new-zealand-standard-classification-occupations,9,0
"Sports Coaches, Instructors and Officials",45-sports-and-personal-service-workers,4523,68100,74984,12,Certificate III or IV,https://www.abs.gov.au/statistics/classifications/anzsco-australian-and-new-zealand-standard-classification-occupations,10,1
Sportspersons,45-sports-and-personal-service-workers,4524,13500,,13,Certificate I or no formal qualification,https://www.abs.gov.au/statistics/classifications/anzsco-australian-and-new-zealand-standard-classification-occupations,1,0
"Contract, Program and Project Administrators",51-office-managers-and-program-administrators,5111,161300,110760,17,Diploma or Advanced Diploma,https://www.abs.gov.au/statistics/classifications/anzsco-australian-and-new-zealand-standard-classification-occupations,2,-4
Office Managers,51-office-managers-and-program-administrators,5121,136400,89960,8,Diploma or Advanced Diploma,https://www.abs.gov.au/statistics/classifications/anzsco-australian-and-new-zealand-standard-classification-occupations,1,-6
Practice Managers,51-office-managers-and-program-administrators,5122,30200,86060,18,Diploma or Advanced Diploma,https://www.abs.gov.au/statistics/classifications/anzsco-australian-and-new-zealand-standard-classification-occupations,2,-3
Personal Assistants,52-personal-assistants-and-secretaries,5211,49700,95264,-6,Diploma or Advanced Diploma,https://www.abs.gov.au/statistics/classifications/anzsco-australian-and-new-zealand-standard-classification-occupations,-1,-9
Secretaries,52-personal-assistants-and-secretaries,5212,29200,84552,-6,Certificate III or IV,https://www.abs.gov.au/statistics/classifications/anzsco-australian-and-new-zealand-standard-classification-occupations,-7,-10
General Clerks,53-general-clerical-workers,5311,286600,74776,19,Certificate III or IV,https://www.abs.gov.au/statistics/classifications/anzsco-australian-and-new-zealand-standard-classification-occupations,-1,-12
Keyboard Operators,53-general-clerical-workers,5321,53100,71292,-3,Certificate II or III,https://www.abs.gov.au/statistics/classifications/anzsco-australian-and-new-zealand-standard-classification-occupations,5,-15
Call or Contact Centre Workers,54-inquiry-clerks-and-receptionists,5411,29400,73528,8,Certificate II or III,https://www.abs.gov.au/statistics/classifications/anzsco-australian-and-new-zealand-standard-classification-occupations,-3,-18
Information Officers,54-inquiry-clerks-and-receptionists,5412,85000,76024,8,Certificate II or III,https://www.abs.gov.au/statistics/classifications/anzsco-australian-and-new-zealand-standard-classification-occupations,2,-10
Receptionists,54-inquiry-clerks-and-receptionists,5421,182600,63908,8,Certificate III or IV,https://www.abs.gov.au/statistics/classifications/anzsco-australian-and-new-zealand-standard-classification-occupations,-1,-14
Accounting Clerks,55-numerical-clerks,5511,143500,74984,6,Certificate III or IV,https://www.abs.gov.au/statistics/classifications/anzsco-australian-and-new-zealand-standard-classification-occupations,1,-11
Bookkeepers,55-numerical-clerks,5512,90400,72800,6,Certificate II or III,https://www.abs.gov.au/statistics/classifications/anzsco-australian-and-new-zealand-standard-classification-occupations,-2,-13
Payroll Clerks,55-numerical-clerks,5513,49500,83512,6,Certificate III or IV,https://www.abs.gov.au/statistics/classifications/anzsco-australian-and-new-zealand-standard-classification-occupations,1,-9
Bank Workers,55-numerical-clerks,5521,36400,83720,8,Certificate II or III,https://www.abs.gov.au/statistics/classifications/anzsco-australian-and-new-zealand-standard-classification-occupations,-9,-8
Credit and Loans Officers (Aus) \ Finance Clerks (NZ),55-numerical-clerks,5522,38200,93912,8,Certificate II or III,https://www.abs.gov.au/statistics/classifications/anzsco-australian-and-new-zealand-standard-classification-occupations,1,-7
"Insurance, Money Market and Statistical Clerks",55-numerical-clerks,5523,40500,78052,8,Certificate III or IV,https://www.abs.gov.au/statistics/classifications/anzsco-australian-and-new-zealand-standard-classification-occupations,2,-6
Betting Clerks,56-clerical-and-office-support-workers,5611,1600,,-2,Certificate II or III,https://www.abs.gov.au/statistics/classifications/anzsco-australian-and-new-zealand-standard-classification-occupations,-6,-5
Couriers and Postal Deliverers,56-clerical-and-office-support-workers,5612,44200,78156,-1,Certificate II or III,https://www.abs.gov.au/statistics/classifications/anzsco-australian-and-new-zealand-standard-classification-occupations,2,-4
Filing and Registry Clerks,56-clerical-and-office-support-workers,5613,18500,83304,0,Certificate II or III,https://www.abs.gov.au/statistics/classifications/anzsco-australian-and-new-zealand-standard-classification-occupations,2,-12
Mail Sorters,56-clerical-and-office-support-workers,5614,12600,,-2,Certificate II or III,https://www.abs.gov.au/statistics/classifications/anzsco-australian-and-new-zealand-standard-classification-occupations,-6,-9
Survey Interviewers,56-clerical-and-office-support-workers,5615,700,,-2,Certificate II or III,https://www.abs.gov.au/statistics/classifications/anzsco-australian-and-new-zealand-standard-classification-occupations,-100,-8
Switchboard Operators,56-clerical-and-office-support-workers,5616,2600,,2,Certificate II or III,https://www.abs.gov.au/statistics/classifications/anzsco-australian-and-new-zealand-standard-classification-occupations,4,-16
Other Clerical and Office Support Workers,56-clerical-and-office-support-workers,5619,5900,74516,-2,Certificate II or III,https://www.abs.gov.au/statistics/classifications/anzsco-australian-and-new-zealand-standard-classification-occupations,0,-10
Purchasing and Supply Logistics Clerks,59-other-clerical-and-administrative-workers,5911,126900,80756,11,Certificate II or III,https://www.abs.gov.au/statistics/classifications/anzsco-australian-and-new-zealand-standard-classification-occupations,6,-3
Transport and Despatch Clerks,59-other-clerical-and-administrative-workers,5912,45900,88764,11,Certificate II or III,https://www.abs.gov.au/statistics/classifications/anzsco-australian-and-new-zealand-standard-classification-occupations,2,-2
Conveyancers and Legal Executives,59-other-clerical-and-administrative-workers,5991,16000,81900,9,Certificate II or III,https://www.abs.gov.au/statistics/classifications/anzsco-australian-and-new-zealand-standard-classification-occupations,-6,0
Court and Legal Clerks,59-other-clerical-and-administrative-workers,5992,21100,69940,8,Certificate II or III,https://www.abs.gov.au/statistics/classifications/anzsco-australian-and-new-zealand-standard-classification-occupations,6,-1
Debt Collectors,59-other-clerical-and-administrative-workers,5993,6900,78988,8,Certificate I or no formal qualification,https://www.abs.gov.au/statistics/classifications/anzsco-australian-and-new-zealand-standard-classification-occupations,10,-4
Human Resource Clerks,59-other-clerical-and-administrative-workers,5994,23200,76752,10,Certificate III or IV,https://www.abs.gov.au/statistics/classifications/anzsco-australian-and-new-zealand-standard-classification-occupations,2,-5
Inspectors and Regulatory Officers,59-other-clerical-and-administrative-workers,5995,45200,96824,7,Diploma or Advanced Diploma,https://www.abs.gov.au/statistics/classifications/anzsco-australian-and-new-zealand-standard-classification-occupations,3,1
"Insurance Investigators, Loss Adjusters and Risk Surveyors",59-other-clerical-and-administrative-workers,5996,8600,103740,8,Diploma or Advanced Diploma,https://www.abs.gov.au/statistics/classifications/anzsco-australian-and-new-zealand-standard-classification-occupations,8,-2
Library Assistants,59-other-clerical-and-administrative-workers,5997,7100,92508,6,Certificate II or III,https://www.abs.gov.au/statistics/classifications/anzsco-australian-and-new-zealand-standard-classification-occupations,1,-7
Other Miscellaneous Clerical and Administrative Workers,59-other-clerical-and-administrative-workers,5999,22200,82680,11,Diploma or Advanced Diploma,https://www.abs.gov.au/statistics/classifications/anzsco-australian-and-new-zealand-standard-classification-occupations,2,-6
"Auctioneers, and Stock and Station Agents",61-sales-representatives-and-agents,6111,2900,,5,Certificate I or no formal qualification,https://www.abs.gov.au/statistics/classifications/anzsco-australian-and-new-zealand-standard-classification-occupations,-10,-5
Insurance Agents,61-sales-representatives-and-agents,6112,16500,81068,3,Certificate III or IV,https://www.abs.gov.au/statistics/classifications/anzsco-australian-and-new-zealand-standard-classification-occupations,4,-6
Sales Representatives,61-sales-representatives-and-agents,6113,70800,87984,4,Certificate III or IV,https://www.abs.gov.au/statistics/classifications/anzsco-australian-and-new-zealand-standard-classification-occupations,-1,-4
Real Estate Sales Agents,61-sales-representatives-and-agents,6121,108500,78208,14,Certificate III or IV,https://www.abs.gov.au/statistics/classifications/anzsco-australian-and-new-zealand-standard-classification-occupations,3,-3
Sales Assistants (General),62-sales-assistants-and-salespersons,6211,559800,64532,7,Certificate III or IV,https://www.abs.gov.au/statistics/classifications/anzsco-australian-and-new-zealand-standard-classification-occupations,1,-7
ICT Sales Assistants,62-sales-assistants-and-salespersons,6212,14900,61256,8,Certificate II or III,https://www.abs.gov.au/statistics/classifications/anzsco-australian-and-new-zealand-standard-classification-occupations,-3,-2
Motor Vehicle and Vehicle Parts Salespersons,62-sales-assistants-and-salespersons,6213,40100,68432,7,Certificate II or III,https://www.abs.gov.au/statistics/classifications/anzsco-australian-and-new-zealand-standard-classification-occupations,6,-1
Pharmacy Sales Assistants,62-sales-assistants-and-salespersons,6214,42100,57824,7,Certificate II or III,https://www.abs.gov.au/statistics/classifications/anzsco-australian-and-new-zealand-standard-classification-occupations,4,1
Retail Supervisors,62-sales-assistants-and-salespersons,6215,46900,65884,7,Certificate III or IV,https://www.abs.gov.au/statistics/classifications/anzsco-australian-and-new-zealand-standard-classification-occupations,3,-3
Service Station Attendants,62-sales-assistants-and-salespersons,6216,14000,64116,7,Certificate II or III,https://www.abs.gov.au/statistics/classifications/anzsco-australian-and-new-zealand-standard-classification-occupations,5,-4
Street Vendors and Related Salespersons,62-sales-assistants-and-salespersons,6217,4600,,8,Certificate II or III,https://www.abs.gov.au/statistics/classifications/anzsco-australian-and-new-zealand-standard-classification-occupations,-11,-8
Other Sales Assistants and Salespersons,62-sales-assistants-and-salespersons,6219,12000,68536,8,Certificate II or III,https://www.abs.gov.au/statistics/classifications/anzsco-australian-and-new-zealand-standard-classification-occupations,-15,-6
Checkout Operators and Office Cashiers,63-sales-support-workers,6311,121200,56004,4,Certificate I or no formal qualification,https://www.abs.gov.au/statistics/classifications/anzsco-australian-and-new-zealand-standard-classification-occupations,-4,-11
Models and Sales Demonstrators,63-sales-support-workers,6391,10800,,5,Certificate II or III,https://www.abs.gov.au/statistics/classifications/anzsco-australian-and-new-zealand-standard-classification-occupations,6,-3
Retail and Wool Buyers,63-sales-support-workers,6392,7900,79820,4,Diploma or Advanced Diploma,https://www.abs.gov.au/statistics/classifications/anzsco-australian-and-new-zealand-standard-classification-occupations,3,-2
Telemarketers,63-sales-support-workers,6393,5000,,5,Certificate II or III,https://www.abs.gov.au/statistics/classifications/anzsco-australian-and-new-zealand-standard-classification-occupations,0,-14
Ticket Salespersons,63-sales-support-workers,6394,19100,66352,5,Certificate II or III,https://www.abs.gov.au/statistics/classifications/anzsco-australian-and-new-zealand-standard-classification-occupations,5,-5
Visual Merchandisers,63-sales-support-workers,6395,7700,62400,4,Diploma or Advanced Diploma,https://www.abs.gov.au/statistics/classifications/anzsco-australian-and-new-zealand-standard-classification-occupations,-1,-1
Other Sales Support Workers,63-sales-support-workers,6399,6500,70876,4,Certificate II or III,https://www.abs.gov.au/statistics/classifications/anzsco-australian-and-new-zealand-standard-classification-occupations,-3,-4
"Clay, Concrete, Glass and Stone Processing Machine Operators",71-machine-and-stationary-plant-operators,7111,2900,89232,6,Certificate II or III,https://www.abs.gov.au/statistics/classifications/anzsco-australian-and-new-zealand-standard-classification-occupations,3,-7
Industrial Spraypainters,71-machine-and-stationary-plant-operators,7112,5900,,6,Certificate II or III,https://www.abs.gov.au/statistics/classifications/anzsco-australian-and-new-zealand-standard-classification-occupations,-2,-6
Paper and Wood Processing Machine Operators,71-machine-and-stationary-plant-operators,7113,5600,75452,1,Certificate III or IV,https://www.abs.gov.au/statistics/classifications/anzsco-australian-and-new-zealand-standard-classification-occupations,-7,-8
Photographic Developers and Printers,71-machine-and-stationary-plant-operators,7114,1500,73112,5,Certificate III or IV,https://www.abs.gov.au/statistics/classifications/anzsco-australian-and-new-zealand-standard-classification-occupations,7,-12
Plastics and Rubber Production Machine Operators,71-machine-and-stationary-plant-operators,7115,7400,88816,5,Certificate III or IV,https://www.abs.gov.au/statistics/classifications/anzsco-australian-and-new-zealand-standard-classification-occupations,0,-9
Sewing Machinists,71-machine-and-stationary-plant-operators,7116,6100,55484,8,Certificate II or III,https://www.abs.gov.au/statistics/classifications/anzsco-australian-and-new-zealand-standard-classification-occupations,-7,-10
Textile and Footwear Production Machine Operators,71-machine-and-stationary-plant-operators,7117,1800,63700,4,Certificate III or IV,https://www.abs.gov.au/statistics/classifications/anzsco-australian-and-new-zealand-standard-classification-occupations,0,-11
Other Machine Operators,71-machine-and-stationary-plant-operators,7119,13800,80808,9,Certificate II or III,https://www.abs.gov.au/statistics/classifications/anzsco-australian-and-new-zealand-standard-classification-occupations,-3,-8
"Crane, Hoist and Lift Operators",71-machine-and-stationary-plant-operators,7121,18400,177372,8,Certificate II or III,https://www.abs.gov.au/statistics/classifications/anzsco-australian-and-new-zealand-standard-classification-occupations,9,-3
"Drillers, Miners and Shot Firers",71-machine-and-stationary-plant-operators,7122,66400,151216,6,Certificate II or III,https://www.abs.gov.au/statistics/classifications/anzsco-australian-and-new-zealand-standard-classification-occupations,1,-4
Engineering Production Workers,71-machine-and-stationary-plant-operators,7123,20500,86112,12,Certificate III or IV,https://www.abs.gov.au/statistics/classifications/anzsco-australian-and-new-zealand-standard-classification-occupations,-1,-5
Other Stationary Plant Operators,71-machine-and-stationary-plant-operators,7129,24500,104988,7,Certificate III or IV,https://www.abs.gov.au/statistics/classifications/anzsco-australian-and-new-zealand-standard-classification-occupations,-1,-6
"Agricultural, Forestry and Horticultural Plant Operators",72-mobile-plant-operators,7211,15900,72956,4,Certificate III or IV,https://www.abs.gov.au/statistics/classifications/anzsco-australian-and-new-zealand-standard-classification-occupations,0,-2
Earthmoving Plant Operators,72-mobile-plant-operators,7212,50000,98800,4,Certificate III or IV,https://www.abs.gov.au/statistics/classifications/anzsco-australian-and-new-zealand-standard-classification-occupations,-1,-1
Forklift Drivers,72-mobile-plant-operators,7213,69000,69680,3,Certificate II or III,https://www.abs.gov.au/statistics/classifications/anzsco-australian-and-new-zealand-standard-classification-occupations,0,-3
Other Mobile Plant Operators,72-mobile-plant-operators,7219,13400,88192,4,Certificate III or IV,https://www.abs.gov.au/statistics/classifications/anzsco-australian-and-new-zealand-standard-classification-occupations,2,-4
Automobile Drivers,73-road-and-rail-drivers,7311,50500,,9,Certificate II or III,https://www.abs.gov.au/statistics/classifications/anzsco-australian-and-new-zealand-standard-classification-occupations,-3,1
Bus and Coach Drivers,73-road-and-rail-drivers,7312,40300,93340,9,Certificate II or III,https://www.abs.gov.au/statistics/classifications/anzsco-australian-and-new-zealand-standard-classification-occupations,-1,0
Train and Tram Drivers,73-road-and-rail-drivers,7313,18700,156052,6,Certificate II or III,https://www.abs.gov.au/statistics/classifications/anzsco-australian-and-new-zealand-standard-classification-occupations,9,2
Delivery Drivers,73-road-and-rail-drivers,7321,84900,68016,21,Certificate II or III,https://www.abs.gov.au/statistics/classifications/anzsco-australian-and-new-zealand-standard-classification-occupations,1,-2
Truck Drivers,73-road-and-rail-drivers,7331,183600,101920,4,Certificate II or III,https://www.abs.gov.au/statistics/classifications/anzsco-australian-and-new-zealand-standard-classification-occupations,-3,-1
Storepersons,74-storepersons,7411,164200,69056,13,Certificate II or III,https://www.abs.gov.au/statistics/classifications/anzsco-australian-and-new-zealand-standard-classification-occupations,1,-5
Car Detailers,81-cleaners-and-laundry-workers,8111,17100,64480,2,Certificate I or no formal qualification,https://www.abs.gov.au/statistics/classifications/anzsco-australian-and-new-zealand-standard-classification-occupations,-4,-3
Commercial Cleaners,81-cleaners-and-laundry-workers,8112,150200,65208,4,Certificate I or no formal qualification,https://www.abs.gov.au/statistics/classifications/anzsco-australian-and-new-zealand-standard-classification-occupations,-1,-2
Domestic Cleaners,81-cleaners-and-laundry-workers,8113,35300,67704,5,Certificate I or no formal qualification,https://www.abs.gov.au/statistics/classifications/anzsco-australian-and-new-zealand-standard-classification-occupations,-1,-1
Housekeepers,81-cleaners-and-laundry-workers,8114,34800,63960,4,Certificate I or no formal qualification,https://www.abs.gov.au/statistics/classifications/anzsco-australian-and-new-zealand-standard-classification-occupations,5,-4
Laundry Workers,81-cleaners-and-laundry-workers,8115,17100,60008,4,Certificate I or no formal qualification,https://www.abs.gov.au/statistics/classifications/anzsco-australian-and-new-zealand-standard-classification-occupations,12,-5
Other Cleaners,81-cleaners-and-laundry-workers,8116,14700,69784,4,Certificate II or III,https://www.abs.gov.au/statistics/classifications/anzsco-australian-and-new-zealand-standard-classification-occupations,3,-3
Building and Plumbing Labourers,82-construction-and-mining-labourers,8211,71500,95004,6,Certificate II or III,https://www.abs.gov.au/statistics/classifications/anzsco-australian-and-new-zealand-standard-classification-occupations,1,-2
Concreters,82-construction-and-mining-labourers,8212,43200,114868,6,Certificate II or III,https://www.abs.gov.au/statistics/classifications/anzsco-australian-and-new-zealand-standard-classification-occupations,6,-3
Fencers,82-construction-and-mining-labourers,8213,12800,64948,5,Certificate II or III,https://www.abs.gov.au/statistics/classifications/anzsco-australian-and-new-zealand-standard-classification-occupations,-1,-1
Insulation and Home Improvement Installers,82-construction-and-mining-labourers,8214,28000,83512,6,Certificate II or III,https://www.abs.gov.au/statistics/classifications/anzsco-australian-and-new-zealand-standard-classification-occupations,2,0
Paving and Surfacing Labourers,82-construction-and-mining-labourers,8215,7600,71916,1,Certificate I or no formal qualification,https://www.abs.gov.au/statistics/classifications/anzsco-australian-and-new-zealand-standard-classification-occupations,4,-2
Railway Track Workers,82-construction-and-mining-labourers,8216,5400,,1,Certificate II or III,https://www.abs.gov.au/statistics/classifications/anzsco-australian-and-new-zealand-standard-classification-occupations,-4,-4
Structural Steel Construction Workers,82-construction-and-mining-labourers,8217,26100,151320,5,Certificate II or III,https://www.abs.gov.au/statistics/classifications/anzsco-australian-and-new-zealand-standard-classification-occupations,4,-3
Other Construction and Mining Labourers,82-construction-and-mining-labourers,8219,8600,,1,Certificate II or III,https://www.abs.gov.au/statistics/classifications/anzsco-australian-and-new-zealand-standard-classification-occupations,6,-2
Food and Drink Factory Workers,83-factory-process-workers,8311,27900,85644,3,Certificate I or no formal qualification,https://www.abs.gov.au/statistics/classifications/anzsco-australian-and-new-zealand-standard-classification-occupations,-3,-7
"Meat Boners and Slicers, and Slaughterers",83-factory-process-workers,8312,7400,84604,-3,Certificate II or III,https://www.abs.gov.au/statistics/classifications/anzsco-australian-and-new-zealand-standard-classification-occupations,4,-9
"Meat, Poultry and Seafood Process Workers",83-factory-process-workers,8313,15100,64688,-2,Certificate I or no formal qualification,https://www.abs.gov.au/statistics/classifications/anzsco-australian-and-new-zealand-standard-classification-occupations,1,-8
Packers,83-factory-process-workers,8321,56400,71032,3,Certificate I or no formal qualification,https://www.abs.gov.au/statistics/classifications/anzsco-australian-and-new-zealand-standard-classification-occupations,-5,-6
Product Assemblers,83-factory-process-workers,8322,25200,62192,7,Certificate I or no formal qualification,https://www.abs.gov.au/statistics/classifications/anzsco-australian-and-new-zealand-standard-classification-occupations,1,-5
Metal Engineering Process Workers,83-factory-process-workers,8391,8100,63024,5,Certificate I or no formal qualification,https://www.abs.gov.au/statistics/classifications/anzsco-australian-and-new-zealand-standard-classification-occupations,-9,-7
Plastics and Rubber Factory Workers,83-factory-process-workers,8392,2200,83668,3,Certificate II or III,https://www.abs.gov.au/statistics/classifications/anzsco-australian-and-new-zealand-standard-classification-occupations,9,-6
Product Quality Controllers,83-factory-process-workers,8393,12900,73008,2,Certificate III or IV,https://www.abs.gov.au/statistics/classifications/anzsco-australian-and-new-zealand-standard-classification-occupations,2,-4
Timber and Wood Process Workers,83-factory-process-workers,8394,3900,,-3,Certificate II or III,https://www.abs.gov.au/statistics/classifications/anzsco-australian-and-new-zealand-standard-classification-occupations,-10,-5
Other Factory Process Workers,83-factory-process-workers,8399,11800,78988,4,,https://www.abs.gov.au/statistics/classifications/anzsco-australian-and-new-zealand-standard-classification-occupations,-1,-6
Aquaculture Workers,84-farm-forestry-and-garden-workers,8411,900,,18,Certificate II or III,https://www.abs.gov.au/statistics/classifications/anzsco-australian-and-new-zealand-standard-classification-occupations,0,-4
Crop Farm Workers,84-farm-forestry-and-garden-workers,8412,20000,,6,Certificate II or III,https://www.abs.gov.au/statistics/classifications/anzsco-australian-and-new-zealand-standard-classification-occupations,-5,-5
Forestry and Logging Workers,84-farm-forestry-and-garden-workers,8413,2000,,6,Certificate I or no formal qualification,https://www.abs.gov.au/statistics/classifications/anzsco-australian-and-new-zealand-standard-classification-occupations,0,-6
Garden and Nursery Labourers,84-farm-forestry-and-garden-workers,8414,35700,,5,,https://www.abs.gov.au/statistics/classifications/anzsco-australian-and-new-zealand-standard-classification-occupations,3,-3
Livestock Farm Workers,84-farm-forestry-and-garden-workers,8415,29100,,2,,https://www.abs.gov.au/statistics/classifications/anzsco-australian-and-new-zealand-standard-classification-occupations,-1,-4
Mixed Crop and Livestock Farm Workers,84-farm-forestry-and-garden-workers,8416,3700,,3,,https://www.abs.gov.au/statistics/classifications/anzsco-australian-and-new-zealand-standard-classification-occupations,-3,-3
"Other Farm, Forestry and Garden Workers",84-farm-forestry-and-garden-workers,8419,16300,,4,,https://www.abs.gov.au/statistics/classifications/anzsco-australian-and-new-zealand-standard-classification-occupations,5,-5
Fast Food Cooks,85-food-preparation-assistants,8511,49500,50804,7,Certificate I or no formal qualification,https://www.abs.gov.au/statistics/classifications/anzsco-australian-and-new-zealand-standard-classification-occupations,0,-6
Food Trades Assistants,85-food-preparation-assistants,8512,4300,71760,4,Certificate I or no formal qualification,https://www.abs.gov.au/statistics/classifications/anzsco-australian-and-new-zealand-standard-classification-occupations,-9,-4
Kitchenhands,85-food-preparation-assistants,8513,150800,67184,9,,https://www.abs.gov.au/statistics/classifications/anzsco-australian-and-new-zealand-standard-classification-occupations,1,-5
Freight and Furniture Handlers,89-other-labourers,8911,15200,85904,2,Certificate I or no formal qualification,https://www.abs.gov.au/statistics/classifications/anzsco-australian-and-new-zealand-standard-classification-occupations,0,-3
Shelf Fillers,89-other-labourers,8912,72300,53144,0,Certificate I or no formal qualification,https://www.abs.gov.au/statistics/classifications/anzsco-australian-and-new-zealand-standard-classification-occupations,1,-7
Caretakers,89-other-labourers,8991,6600,71916,4,Certificate I or no formal qualification,https://www.abs.gov.au/statistics/classifications/anzsco-australian-and-new-zealand-standard-classification-occupations,-2,-2
Deck and Fishing Hands,89-other-labourers,8992,6900,89440,3,Certificate II or III,https://www.abs.gov.au/statistics/classifications/anzsco-australian-and-new-zealand-standard-classification-occupations,1,-3
Handypersons,89-other-labourers,8993,41400,79976,8,Certificate I or no formal qualification,https://www.abs.gov.au/statistics/classifications/anzsco-australian-and-new-zealand-standard-classification-occupations,-2,-1
Motor Vehicle Parts and Accessories Fitters,89-other-labourers,8994,15100,,5,Certificate II or III,https://www.abs.gov.au/statistics/classifications/anzsco-australian-and-new-zealand-standard-classification-occupations,3,-2
Printing Assistants and Table Workers,89-other-labourers,8995,2700,65156,0,Certificate I or no formal qualification,https://www.abs.gov.au/statistics/classifications/anzsco-australian-and-new-zealand-standard-classification-occupations,4,-4
Recycling and Rubbish Collectors,89-other-labourers,8996,3500,76024,5,Certificate I or no formal qualification,https://www.abs.gov.au/statistics/classifications/anzsco-australian-and-new-zealand-standard-classification-occupations,-3,-3
Vending Machine Attendants,89-other-labourers,8997,4000,59800,4,,https://www.abs.gov.au/statistics/classifications/anzsco-australian-and-new-zealand-standard-classification-occupations,-8,-5
Other Miscellaneous Labourers,89-other-labourers,8999,73700,80236,4,Certificate II or III,https://www.abs.gov.au/statistics/classifications/anzsco-australian-and-new-zealand-standard-classification-occupations,4,-4
